{
  "hash": "6851bf66",
  "configHash": "b104de7d",
  "lockfileHash": "2c7607d2",
  "browserHash": "cfdb9fbc",
  "optimized": {
    "@angular/common": {
      "src": "../../../../../../node_modules/@angular/common/fesm2022/common.mjs",
      "file": "@angular_common.js",
      "fileHash": "62fd697b",
      "needsInterop": false
    },
    "@angular/common/http": {
      "src": "../../../../../../node_modules/@angular/common/fesm2022/http.mjs",
      "file": "@angular_common_http.js",
      "fileHash": "caefea76",
      "needsInterop": false
    },
    "@angular/core": {
      "src": "../../../../../../node_modules/@angular/core/fesm2022/core.mjs",
      "file": "@angular_core.js",
      "fileHash": "ab39ca63",
      "needsInterop": false
    },
    "@angular/forms": {
      "src": "../../../../../../node_modules/@angular/forms/fesm2022/forms.mjs",
      "file": "@angular_forms.js",
      "fileHash": "9e216d34",
      "needsInterop": false
    },
    "@angular/platform-browser": {
      "src": "../../../../../../node_modules/@angular/platform-browser/fesm2022/platform-browser.mjs",
      "file": "@angular_platform-browser.js",
      "fileHash": "c7454acc",
      "needsInterop": false
    },
    "@angular/router": {
      "src": "../../../../../../node_modules/@angular/router/fesm2022/router.mjs",
      "file": "@angular_router.js",
      "fileHash": "4edecec0",
      "needsInterop": false
    }
  },
  "chunks": {
    "chunk-PLHUT5KE": {
      "file": "chunk-PLHUT5KE.js"
    },
    "chunk-WZYZKZBD": {
      "file": "chunk-WZYZKZBD.js"
    },
    "chunk-AHAARRDJ": {
      "file": "chunk-AHAARRDJ.js"
    },
    "chunk-Z3E5OR53": {
      "file": "chunk-Z3E5OR53.js"
    },
    "chunk-MHQIP2VU": {
      "file": "chunk-MHQIP2VU.js"
    }
  }
}